{
  "benchmark_results": {
    "successful_races": 30,
    "completion_times": [
      18.85000000000021,
      18.85000000000021,
      18.85000000000021,
      18.85000000000021,
      18.85000000000021,
      18.85000000000021,
      18.85000000000021,
      18.85000000000021,
      18.85000000000021,
      18.85000000000021,
      18.85000000000021,
      18.85000000000021,
      18.85000000000021,
      18.85000000000021,
      18.85000000000021,
      18.85000000000021,
      18.38333333333357,
      18.85000000000021,
      18.85000000000021,
      18.85000000000021,
      18.85000000000021,
      18.85000000000021,
      18.85000000000021,
      18.85000000000021,
      18.85000000000021,
      18.85000000000021,
      18.85000000000021,
      18.85000000000021,
      18.85000000000021,
      18.85000000000021
    ],
    "average_lap_times": [
      6.283333333333447,
      6.283333333333447,
      6.283333333333447,
      6.283333333333447,
      6.283333333333447,
      6.283333333333447,
      6.283333333333447,
      6.283333333333447,
      6.283333333333447,
      6.283333333333447,
      6.283333333333447,
      6.283333333333447,
      6.283333333333447,
      6.283333333333447,
      6.283333333333447,
      6.283333333333447,
      6.283333333333554,
      6.283333333333447,
      6.283333333333447,
      6.283333333333447,
      6.283333333333447,
      6.283333333333447,
      6.283333333333447,
      6.283333333333447,
      6.283333333333447,
      6.283333333333447,
      6.283333333333447,
      6.283333333333447,
      6.283333333333447,
      6.283333333333447
    ],
    "lane_violations_total": 0,
    "speed_consistency": [
      0.0,
      0.0,
      0.0,
      0.0,
      0.0,
      0.0,
      0.0,
      0.0,
      0.0,
      0.0,
      0.0,
      0.0,
      0.0,
      0.0,
      0.0,
      0.0,
      0.0,
      0.0,
      0.0,
      0.0,
      0.0,
      0.0,
      0.0,
      0.0,
      0.0,
      0.0,
      0.0,
      0.0,
      0.0,
      0.0
    ],
    "timestamp": "2025-09-06T15:21:26.871086"
  },
  "statistical_analysis": {
    "completion_time_stats": {
      "mean": 18.834444444444657,
      "median": 18.85000000000021,
      "std_dev": 0.08520128672302099,
      "min": 18.38333333333357,
      "max": 18.85000000000021,
      "coefficient_of_variation": 0.0045236952422109625
    },
    "lap_time_stats": {
      "mean": 6.2833333333334505,
      "median": 6.283333333333447,
      "std_dev": 1.9621172674214992e-14,
      "min": 6.283333333333447,
      "max": 6.283333333333554
    },
    "lane_violation_rate": 0.0,
    "success_rate": 1.0,
    "speed_consistency": {
      "mean_variation": 0.0,
      "max_variation": 0.0
    }
  },
  "metadata": {
    "num_trials": 30,
    "max_time_per_race": 300.0,
    "generated_at": "2025-09-06T15:21:27.576539"
  }
}