{
  "summary": {
    "model_path": "models/dqn_racing_final.pth",
    "races": 10,
    "tile_density": 0.8,
    "baseline_mean_time": 18.834444444444657,
    "wins": {
      "RL": 10,
      "Baseline": 0
    },
    "win_rate": 1.0,
    "win_rate_ci_95": [
      0.7224598312333834,
      1.0
    ],
    "rl_avg_time": 11.881666666666836,
    "time_improvement": {
      "mean": 6.95277777777782,
      "median": 7.251111111111168,
      "std": 0.7798563495452137,
      "ci95": [
        6.469417804565591,
        7.436137750990049
      ]
    },
    "tile_hits": {
      "acceleration": 169,
      "deceleration": 167
    },
    "lane_usage_total": {
      "0": 2435,
      "1": 2879,
      "2": 1815
    },
    "occupancy_bins": {
      "lanes": 3,
      "angle_bins": 36,
      "matrix": [
        [
          98,
          87,
          120,
          137,
          130,
          90,
          90,
          83,
          87,
          98,
          109,
          137,
          117,
          149,
          102,
          85,
          28,
          4,
          5,
          16,
          37,
          31,
          17,
          23,
          47,
          53,
          62,
          54,
          96,
          76,
          71,
          37,
          7,
          8,
          22,
          22
        ],
        [
          43,
          43,
          43,
          73,
          82,
          74,
          42,
          48,
          65,
          77,
          85,
          76,
          63,
          69,
          97,
          99,
          119,
          115,
          101,
          61,
          58,
          107,
          160,
          110,
          88,
          81,
          85,
          122,
          75,
          69,
          66,
          111,
          85,
          51,
          70,
          66
        ],
        [
          49,
          32,
          26,
          21,
          28,
          37,
          54,
          60,
          46,
          15,
          8,
          10,
          12,
          16,
          44,
          61,
          60,
          57,
          78,
          95,
          91,
          85,
          35,
          61,
          50,
          39,
          15,
          36,
          43,
          44,
          62,
          76,
          79,
          125,
          95,
          70
        ]
      ]
    }
  },
  "per_race": [
    {
      "winner": "RL",
      "race_time": 11.533333333333486,
      "rl_laps": 3,
      "baseline_laps": 1,
      "rl_accel_hits": 15,
      "rl_decel_hits": 15,
      "rl_lane_usage": {
        "0": 255,
        "1": 251,
        "2": 186
      },
      "rl_lap_times": [
        3.6999999999999917,
        3.8166666666666536,
        4.016666666666841
      ]
    },
    {
      "winner": "RL",
      "race_time": 13.350000000000243,
      "rl_laps": 3,
      "baseline_laps": 2,
      "rl_accel_hits": 21,
      "rl_decel_hits": 22,
      "rl_lane_usage": {
        "0": 201,
        "1": 328,
        "2": 272
      },
      "rl_lap_times": [
        4.116666666666657,
        4.833333333333367,
        4.400000000000219
      ]
    },
    {
      "winner": "RL",
      "race_time": 11.633333333333491,
      "rl_laps": 3,
      "baseline_laps": 1,
      "rl_accel_hits": 15,
      "rl_decel_hits": 15,
      "rl_lane_usage": {
        "0": 212,
        "1": 327,
        "2": 159
      },
      "rl_lap_times": [
        3.383333333333326,
        4.283333333333319,
        3.966666666666846
      ]
    },
    {
      "winner": "RL",
      "race_time": 11.283333333333474,
      "rl_laps": 3,
      "baseline_laps": 1,
      "rl_accel_hits": 19,
      "rl_decel_hits": 19,
      "rl_lane_usage": {
        "0": 352,
        "1": 209,
        "2": 116
      },
      "rl_lap_times": [
        4.166666666666657,
        3.3666666666666547,
        3.7500000000001616
      ]
    },
    {
      "winner": "RL",
      "race_time": 12.333333333333526,
      "rl_laps": 3,
      "baseline_laps": 1,
      "rl_accel_hits": 20,
      "rl_decel_hits": 20,
      "rl_lane_usage": {
        "0": 252,
        "1": 277,
        "2": 211
      },
      "rl_lap_times": [
        4.416666666666656,
        3.4999999999999876,
        4.416666666666882
      ]
    },
    {
      "winner": "RL",
      "race_time": 12.216666666666853,
      "rl_laps": 3,
      "baseline_laps": 1,
      "rl_accel_hits": 17,
      "rl_decel_hits": 16,
      "rl_lane_usage": {
        "0": 294,
        "1": 264,
        "2": 175
      },
      "rl_lap_times": [
        4.4499999999999895,
        3.9166666666666723,
        3.8500000000001915
      ]
    },
    {
      "winner": "RL",
      "race_time": 12.850000000000218,
      "rl_laps": 3,
      "baseline_laps": 2,
      "rl_accel_hits": 17,
      "rl_decel_hits": 17,
      "rl_lane_usage": {
        "0": 257,
        "1": 355,
        "2": 159
      },
      "rl_lap_times": [
        4.733333333333322,
        4.266666666666705,
        3.8500000000001915
      ]
    },
    {
      "winner": "RL",
      "race_time": 10.933333333333456,
      "rl_laps": 3,
      "baseline_laps": 1,
      "rl_accel_hits": 13,
      "rl_decel_hits": 13,
      "rl_lane_usage": {
        "0": 173,
        "1": 347,
        "2": 136
      },
      "rl_lap_times": [
        3.9666666666666575,
        3.7833333333333203,
        3.1833333333334783
      ]
    },
    {
      "winner": "RL",
      "race_time": 11.483333333333483,
      "rl_laps": 3,
      "baseline_laps": 1,
      "rl_accel_hits": 16,
      "rl_decel_hits": 15,
      "rl_lane_usage": {
        "0": 264,
        "1": 281,
        "2": 144
      },
      "rl_lap_times": [
        3.8333333333333246,
        3.749999999999987,
        3.9000000000001718
      ]
    },
    {
      "winner": "RL",
      "race_time": 11.200000000000136,
      "rl_laps": 3,
      "baseline_laps": 1,
      "rl_accel_hits": 16,
      "rl_decel_hits": 15,
      "rl_lane_usage": {
        "0": 175,
        "1": 240,
        "2": 257
      },
      "rl_lap_times": [
        4.083333333333324,
        3.2999999999999883,
        3.8166666666668236
      ]
    }
  ]
}