{
  "summary": {
    "model_path": "models/dqn_racing_final.pth",
    "races": 10,
    "tile_density": 0.8,
    "baseline_mean_time": 18.834444444444657,
    "wins": {
      "RL": 10,
      "Baseline": 0
    },
    "win_rate": 1.0,
    "win_rate_ci_95": [
      0.7224598312333834,
      1.0
    ],
    "rl_avg_time": 9.938333333333407,
    "time_improvement": {
      "mean": 8.89611111111125,
      "median": 9.026111111111256,
      "std": 0.7884603687481582,
      "ci95": [
        8.407418311547247,
        9.384803910675252
      ]
    },
    "tile_hits": {
      "acceleration": 132,
      "deceleration": 126
    },
    "lane_usage_total": {
      "0": 1968,
      "1": 2979,
      "2": 1016
    },
    "occupancy_bins": {
      "lanes": 3,
      "angle_bins": 36,
      "matrix": [
        [
          73,
          57,
          62,
          107,
          115,
          61,
          39,
          28,
          51,
          119,
          62,
          31,
          50,
          80,
          88,
          38,
          32,
          38,
          38,
          30,
          48,
          52,
          42,
          79,
          54,
          42,
          68,
          77,
          45,
          60,
          44,
          27,
          26,
          26,
          34,
          45
        ],
        [
          60,
          70,
          76,
          75,
          88,
          114,
          95,
          108,
          90,
          70,
          123,
          126,
          82,
          76,
          87,
          101,
          61,
          68,
          78,
          83,
          103,
          99,
          87,
          83,
          64,
          78,
          44,
          59,
          98,
          106,
          113,
          92,
          52,
          49,
          56,
          65
        ],
        [
          16,
          5,
          2,
          0,
          4,
          16,
          27,
          29,
          34,
          14,
          11,
          23,
          29,
          23,
          13,
          42,
          69,
          26,
          18,
          16,
          13,
          30,
          43,
          31,
          16,
          18,
          38,
          26,
          20,
          21,
          35,
          55,
          62,
          73,
          75,
          43
        ]
      ]
    },
    "tile_settings": {
      "tile_density": 0.8,
      "accel_ratio": 0.7
    }
  },
  "per_race": [
    {
      "winner": "RL",
      "race_time": 8.616666666666674,
      "rl_laps": 3,
      "baseline_laps": 1,
      "rl_accel_hits": 9,
      "rl_decel_hits": 9,
      "rl_lane_usage": {
        "0": 208,
        "1": 228,
        "2": 81
      },
      "rl_lap_times": [
        2.916666666666661,
        2.733333333333324,
        2.966666666666689
      ]
    },
    {
      "winner": "RL",
      "race_time": 9.783333333333399,
      "rl_laps": 3,
      "baseline_laps": 1,
      "rl_accel_hits": 16,
      "rl_decel_hits": 15,
      "rl_lane_usage": {
        "0": 175,
        "1": 321,
        "2": 91
      },
      "rl_lap_times": [
        3.516666666666659,
        3.8166666666666536,
        2.4500000000000863
      ]
    },
    {
      "winner": "RL",
      "race_time": 9.183333333333369,
      "rl_laps": 3,
      "baseline_laps": 1,
      "rl_accel_hits": 10,
      "rl_decel_hits": 9,
      "rl_lane_usage": {
        "0": 209,
        "1": 243,
        "2": 99
      },
      "rl_lap_times": [
        3.2499999999999933,
        3.116666666666656,
        2.8166666666667197
      ]
    },
    {
      "winner": "RL",
      "race_time": 10.200000000000086,
      "rl_laps": 3,
      "baseline_laps": 1,
      "rl_accel_hits": 18,
      "rl_decel_hits": 17,
      "rl_lane_usage": {
        "0": 223,
        "1": 289,
        "2": 100
      },
      "rl_lap_times": [
        3.2499999999999933,
        3.3499999999999885,
        3.6000000000001044
      ]
    },
    {
      "winner": "RL",
      "race_time": 10.550000000000104,
      "rl_laps": 3,
      "baseline_laps": 1,
      "rl_accel_hits": 17,
      "rl_decel_hits": 16,
      "rl_lane_usage": {
        "0": 222,
        "1": 304,
        "2": 107
      },
      "rl_lap_times": [
        3.433333333333326,
        3.3499999999999885,
        3.766666666666789
      ]
    },
    {
      "winner": "RL",
      "race_time": 9.716666666666729,
      "rl_laps": 3,
      "baseline_laps": 1,
      "rl_accel_hits": 11,
      "rl_decel_hits": 10,
      "rl_lane_usage": {
        "0": 202,
        "1": 269,
        "2": 112
      },
      "rl_lap_times": [
        4.016666666666658,
        2.666666666666657,
        3.033333333333414
      ]
    },
    {
      "winner": "RL",
      "race_time": 9.700000000000061,
      "rl_laps": 3,
      "baseline_laps": 1,
      "rl_accel_hits": 12,
      "rl_decel_hits": 12,
      "rl_lane_usage": {
        "0": 167,
        "1": 351,
        "2": 64
      },
      "rl_lap_times": [
        3.133333333333327,
        3.6999999999999873,
        2.866666666666747
      ]
    },
    {
      "winner": "RL",
      "race_time": 11.550000000000153,
      "rl_laps": 3,
      "baseline_laps": 1,
      "rl_accel_hits": 13,
      "rl_decel_hits": 13,
      "rl_lane_usage": {
        "0": 207,
        "1": 347,
        "2": 139
      },
      "rl_lap_times": [
        4.033333333333324,
        3.9333333333333194,
        3.58333333333351
      ]
    },
    {
      "winner": "RL",
      "race_time": 10.250000000000089,
      "rl_laps": 3,
      "baseline_laps": 1,
      "rl_accel_hits": 14,
      "rl_decel_hits": 14,
      "rl_lane_usage": {
        "0": 194,
        "1": 322,
        "2": 99
      },
      "rl_lap_times": [
        3.8333333333333246,
        3.466666666666655,
        2.9500000000001094
      ]
    },
    {
      "winner": "RL",
      "race_time": 9.833333333333401,
      "rl_laps": 3,
      "baseline_laps": 1,
      "rl_accel_hits": 12,
      "rl_decel_hits": 11,
      "rl_lane_usage": {
        "0": 161,
        "1": 305,
        "2": 124
      },
      "rl_lap_times": [
        3.3166666666666598,
        3.5666666666666544,
        2.950000000000087
      ]
    }
  ]
}